{
  "model": "spark_mllib_logreg",
  "roc_auc": 0.72013,
  "gini": 0.44026,
  "pr_auc": 0.08523,
  "valid_rows": 600034,
  "train_pos": 106442
}